Num_Acc,senc,catv,occutc,obs,obsm,choc,manv,num_veh
201700030870,1.0,7,0,0.0,2.0,4.0,1.0,B01
201700017746,1.0,7,0,2.0,0.0,8.0,13.0,A01
201700059701,1.0,7,0,0.0,2.0,3.0,0.0,B01
201700030696,1.0,7,0,0.0,2.0,2.0,1.0,B01
201700006660,0.0,7,0,13.0,0.0,2.0,14.0,A01
201700008308,1.0,33,0,0.0,2.0,1.0,17.0,B01
201700033072,0.0,31,0,0.0,2.0,1.0,1.0,B01
201700025071,1.0,31,0,0.0,2.0,1.0,7.0,B01
201700030541,2.0,7,0,0.0,2.0,1.0,1.0,A01
201700027588,1.0,7,0,0.0,2.0,2.0,9.0,A01
201700005695,2.0,7,0,0.0,2.0,1.0,15.0,A01
201700003677,2.0,10,0,0.0,0.0,4.0,1.0,B01
201700055867,1.0,30,0,0.0,0.0,8.0,1.0,A01
201700059216,1.0,7,0,6.0,0.0,1.0,1.0,A01
201700038397,2.0,7,0,0.0,2.0,4.0,1.0,B01
201700040429,0.0,7,0,4.0,0.0,2.0,16.0,A01
201700049311,2.0,33,0,0.0,2.0,7.0,3.0,B01
201700017992,1.0,7,0,13.0,0.0,9.0,1.0,A01
201700002956,2.0,7,0,0.0,2.0,1.0,1.0,B01
201700042054,2.0,7,0,0.0,1.0,1.0,0.0,A01
201700012371,1.0,7,0,,,4.0,1.0,A01
201700056134,1.0,7,0,0.0,1.0,2.0,1.0,A01
201700033783,1.0,7,0,13.0,0.0,7.0,1.0,A01
201700041279,0.0,33,0,9.0,0.0,8.0,0.0,A01
201700059598,2.0,7,0,0.0,1.0,4.0,20.0,A01
201700040666,1.0,7,0,0.0,1.0,1.0,2.0,A01
201700034474,1.0,37,0,0.0,1.0,2.0,1.0,A01
201700005045,0.0,7,0,6.0,2.0,3.0,19.0,B01
201700024539,1.0,31,0,0.0,2.0,2.0,1.0,B01
201700057607,0.0,15,0,0.0,2.0,6.0,13.0,A01
201700046581,2.0,33,0,0.0,2.0,1.0,3.0,A01
201700029967,2.0,7,0,0.0,0.0,5.0,15.0,A01
201700044834,1.0,7,0,0.0,2.0,4.0,23.0,B01
201700016582,2.0,10,0,0.0,2.0,3.0,11.0,A01
201700036101,2.0,7,0,0.0,2.0,1.0,2.0,A01
201700024480,2.0,7,0,0.0,0.0,8.0,1.0,A01
201700018430,2.0,7,0,2.0,0.0,1.0,14.0,A01
201700028233,0.0,1,0,0.0,2.0,1.0,1.0,A01
201700050291,1.0,33,0,0.0,2.0,1.0,9.0,B01
201700030799,2.0,1,0,0.0,2.0,0.0,0.0,B01
201700013198,0.0,7,0,12.0,0.0,9.0,1.0,A01
201700001459,1.0,33,0,0.0,0.0,0.0,1.0,A01
201700046872,2.0,31,0,0.0,2.0,7.0,3.0,B01
201700048595,2.0,10,0,0.0,2.0,2.0,2.0,A01
201700051440,2.0,33,0,0.0,2.0,8.0,1.0,B01
201700027869,2.0,1,0,0.0,2.0,7.0,0.0,B01
201700032868,2.0,7,0,0.0,2.0,3.0,0.0,B01
201700002888,0.0,7,0,0.0,2.0,1.0,1.0,B01
201700011976,2.0,1,0,0.0,2.0,5.0,1.0,B01
201700024842,1.0,7,0,0.0,2.0,4.0,2.0,B01
201700053486,2.0,7,0,0.0,2.0,1.0,22.0,A01
201700047130,1.0,7,0,0.0,2.0,1.0,1.0,A01
201700004776,2.0,7,0,0.0,2.0,7.0,17.0,A01
201700021357,1.0,7,0,0.0,2.0,1.0,0.0,A01
201700002564,1.0,14,0,0.0,2.0,3.0,5.0,B01
201700008310,1.0,33,0,0.0,2.0,2.0,2.0,A01
201700009213,1.0,7,0,0.0,2.0,4.0,2.0,B01
201700051739,1.0,17,0,0.0,2.0,2.0,14.0,A01
201700056306,1.0,7,0,0.0,2.0,4.0,1.0,F01
201700041827,2.0,14,0,0.0,0.0,4.0,0.0,B01
201700053108,1.0,1,0,0.0,2.0,8.0,11.0,B01
201700051614,2.0,7,0,0.0,1.0,1.0,23.0,B01
201700049713,2.0,99,0,0.0,2.0,7.0,11.0,Z01
201700019248,1.0,2,0,0.0,2.0,1.0,5.0,A01
201700006987,0.0,7,0,0.0,0.0,0.0,0.0,A01
201700053979,2.0,32,0,0.0,1.0,3.0,1.0,A01
201700053076,1.0,7,0,0.0,2.0,1.0,1.0,B01
201700004524,1.0,7,0,0.0,2.0,1.0,15.0,A01
201700041566,2.0,31,0,0.0,2.0,2.0,17.0,A01
201700020293,0.0,7,0,0.0,1.0,4.0,4.0,A01
201700046718,1.0,32,0,0.0,2.0,7.0,3.0,B01
201700014220,1.0,7,0,0.0,2.0,3.0,1.0,B01
201700014598,2.0,2,0,0.0,0.0,9.0,1.0,A01
201700020505,1.0,1,0,0.0,2.0,6.0,2.0,A01
201700045579,0.0,7,0,0.0,1.0,1.0,15.0,Z01
201700021936,1.0,33,0,0.0,2.0,1.0,1.0,A01
201700013226,0.0,7,0,0.0,2.0,3.0,1.0,B01
201700049980,1.0,1,0,0.0,2.0,8.0,1.0,A01
201700029625,1.0,1,0,0.0,2.0,1.0,1.0,B01
201700043243,1.0,20,0,0.0,4.0,4.0,7.0,A01
201700027599,1.0,7,0,0.0,2.0,4.0,2.0,C01
201700044076,1.0,7,0,0.0,2.0,2.0,17.0,A01
201700025668,1.0,7,0,0.0,2.0,2.0,1.0,B01
201700047846,1.0,7,0,0.0,2.0,3.0,0.0,A01
201700003300,2.0,33,0,0.0,2.0,1.0,1.0,B01
201700008307,1.0,33,0,0.0,2.0,8.0,1.0,B01
201700044936,1.0,7,0,0.0,2.0,2.0,1.0,A01
201700033663,0.0,7,0,0.0,1.0,1.0,15.0,A01
201700031771,1.0,99,0,0.0,2.0,1.0,21.0,B01
201700017253,1.0,7,0,3.0,0.0,9.0,1.0,A01
201700031155,2.0,1,0,0.0,2.0,1.0,1.0,B01
201700024855,1.0,7,0,0.0,2.0,9.0,1.0,B01
201700026705,1.0,32,0,0.0,2.0,7.0,1.0,A01
201700059017,1.0,7,0,0.0,2.0,1.0,0.0,A01
201700030858,1.0,2,0,0.0,2.0,2.0,17.0,B01
201700020754,2.0,7,0,0.0,0.0,4.0,1.0,A01
201700028957,1.0,2,0,0.0,2.0,3.0,13.0,A01
201700046535,1.0,7,0,5.0,0.0,9.0,21.0,A01
201700022219,1.0,7,0,0.0,2.0,2.0,20.0,A01
201700040417,1.0,7,0,0.0,2.0,3.0,20.0,A01
201700005575,1.0,7,0,0.0,2.0,2.0,15.0,A01
201700040535,1.0,34,0,0.0,0.0,0.0,21.0,A01
201700039762,1.0,7,0,0.0,2.0,9.0,2.0,B01
201700042518,2.0,7,0,0.0,2.0,8.0,1.0,B01
201700039934,1.0,7,0,0.0,2.0,1.0,2.0,A01
201700020800,1.0,7,0,0.0,2.0,3.0,5.0,A01
201700025271,2.0,7,0,0.0,2.0,8.0,13.0,A01
201700028655,1.0,10,0,0.0,2.0,1.0,15.0,A01
201700052573,2.0,7,0,0.0,2.0,6.0,2.0,C01
201700031882,1.0,7,0,0.0,2.0,2.0,15.0,C01
201700022199,2.0,1,0,0.0,2.0,1.0,1.0,B01
201700015649,2.0,1,0,0.0,2.0,1.0,13.0,C01
201700000490,0.0,2,0,0.0,2.0,2.0,1.0,A01
201700027461,1.0,7,0,0.0,2.0,1.0,2.0,A01
201700009916,2.0,7,0,8.0,2.0,1.0,1.0,B01
201700038850,1.0,7,0,0.0,2.0,1.0,2.0,B01
201700054089,2.0,30,0,0.0,2.0,1.0,2.0,A01
201700052506,1.0,7,0,0.0,2.0,1.0,2.0,B01
201700046663,2.0,7,0,0.0,2.0,2.0,1.0,B01
201700050473,1.0,7,0,0.0,2.0,3.0,12.0,A01
201700059130,0.0,7,0,0.0,2.0,7.0,16.0,A01
201700024742,1.0,2,0,0.0,2.0,1.0,1.0,B01
201700021341,1.0,7,0,0.0,2.0,1.0,1.0,B01
201700012998,0.0,7,0,1.0,0.0,3.0,14.0,A01
201700035051,0.0,7,0,0.0,2.0,3.0,1.0,B01
201700034561,1.0,7,0,1.0,2.0,8.0,0.0,C01
201700048429,2.0,33,0,0.0,2.0,1.0,3.0,A01
201700045021,0.0,30,0,0.0,0.0,1.0,1.0,A01
201700003005,1.0,1,0,0.0,2.0,4.0,1.0,B01
201700052297,2.0,7,0,0.0,2.0,5.0,3.0,B01
201700001122,1.0,7,0,0.0,1.0,3.0,1.0,A01
201700024664,1.0,7,0,0.0,2.0,3.0,15.0,A01
201700050670,1.0,7,0,0.0,2.0,3.0,0.0,B01
201700027268,1.0,7,0,0.0,2.0,5.0,1.0,B01
201700012804,0.0,7,0,0.0,2.0,1.0,1.0,B01
201700002096,0.0,7,0,0.0,2.0,8.0,9.0,A01
201700006699,1.0,7,0,0.0,0.0,3.0,2.0,B01
201700031554,1.0,7,0,0.0,2.0,3.0,15.0,A01
201700051834,1.0,33,0,0.0,2.0,2.0,3.0,A01
201700022973,2.0,17,0,0.0,0.0,0.0,1.0,A01
201700030396,2.0,7,0,0.0,2.0,2.0,15.0,A01
201700048508,1.0,34,0,0.0,2.0,2.0,12.0,A01
201700019640,1.0,7,0,1.0,0.0,3.0,1.0,A01
201700027905,0.0,7,0,0.0,2.0,1.0,0.0,A01
201700007766,0.0,1,0,0.0,2.0,1.0,1.0,B01
201700054577,1.0,7,0,0.0,2.0,7.0,16.0,B01
201700001394,1.0,7,0,0.0,2.0,1.0,1.0,B01
201700052780,2.0,7,0,0.0,2.0,7.0,22.0,A01
201700044517,1.0,31,0,0.0,2.0,1.0,15.0,B01
201700039414,0.0,7,0,0.0,9.0,3.0,10.0,B01
201700023989,1.0,7,0,0.0,2.0,3.0,1.0,A01
201700000732,1.0,7,0,1.0,1.0,2.0,1.0,A01
201700019670,1.0,7,0,0.0,2.0,1.0,2.0,A01
201700050268,2.0,33,0,0.0,2.0,7.0,17.0,A01
201700051032,1.0,7,0,0.0,2.0,2.0,2.0,B01
201700008678,1.0,7,0,0.0,2.0,8.0,1.0,B01
201700017066,1.0,7,0,0.0,2.0,2.0,15.0,A01
201700030476,2.0,7,0,0.0,2.0,4.0,2.0,B01
201700033777,1.0,7,0,0.0,2.0,2.0,15.0,B01
201700053901,1.0,31,0,0.0,2.0,1.0,1.0,A01
201700051341,1.0,10,0,3.0,2.0,3.0,13.0,A01
201700039804,1.0,7,0,0.0,1.0,1.0,1.0,A01
201700026511,0.0,7,0,0.0,2.0,6.0,20.0,A01
201700049875,1.0,7,0,0.0,2.0,3.0,13.0,B01
201700014234,1.0,7,0,0.0,9.0,2.0,1.0,A01
201700007137,2.0,7,0,0.0,2.0,1.0,1.0,C01
201700042547,1.0,7,0,0.0,2.0,1.0,17.0,A01
201700054280,1.0,30,0,0.0,2.0,0.0,1.0,B01
201700001590,0.0,7,0,0.0,2.0,5.0,1.0,A01
201700015994,1.0,31,0,0.0,2.0,1.0,1.0,A01
201700052758,1.0,1,0,0.0,2.0,4.0,15.0,B01
201700000923,2.0,7,0,0.0,9.0,2.0,15.0,A01
201700051781,1.0,7,0,0.0,2.0,5.0,1.0,B01
201700019056,2.0,33,0,0.0,2.0,1.0,1.0,B01
201700057300,1.0,7,0,0.0,2.0,3.0,1.0,A01
201700055461,0.0,10,0,0.0,2.0,1.0,2.0,A01
201700053943,2.0,7,0,0.0,2.0,7.0,1.0,A01
201700033850,2.0,7,0,7.0,0.0,1.0,6.0,A01
201700027921,2.0,33,0,0.0,2.0,1.0,1.0,B01
201700025491,0.0,2,0,0.0,2.0,1.0,1.0,B01
201700013310,0.0,7,0,0.0,1.0,2.0,1.0,A01
201700038893,1.0,7,0,0.0,2.0,4.0,2.0,B01
201700045203,1.0,7,0,0.0,2.0,1.0,1.0,B01
201700009891,1.0,7,0,0.0,9.0,4.0,20.0,A01
201700001539,1.0,7,0,1.0,0.0,2.0,14.0,A01
201700021466,2.0,7,0,0.0,2.0,4.0,0.0,C01
201700009300,1.0,7,0,0.0,2.0,1.0,4.0,A01
201700043884,2.0,99,0,0.0,2.0,5.0,2.0,Z01
201700001386,1.0,7,0,7.0,0.0,1.0,1.0,A01
201700057533,0.0,7,0,0.0,2.0,6.0,1.0,A01
201700055168,2.0,14,0,0.0,1.0,5.0,15.0,A01
201700002964,0.0,1,0,0.0,2.0,1.0,1.0,B01
201700023998,0.0,7,0,8.0,0.0,1.0,1.0,A01
201700002502,2.0,2,0,0.0,2.0,8.0,2.0,B01
201700008804,2.0,33,0,0.0,2.0,1.0,14.0,B01
201700045781,0.0,7,0,0.0,1.0,1.0,1.0,A01
201700015477,1.0,7,0,0.0,0.0,1.0,21.0,A01
201700004926,2.0,7,0,0.0,1.0,3.0,0.0,A01
201700034135,1.0,7,0,0.0,2.0,2.0,1.0,B01
201700053788,2.0,7,0,0.0,2.0,8.0,15.0,A01
201700039659,1.0,33,0,0.0,1.0,1.0,1.0,A01
201700044000,0.0,7,0,0.0,1.0,2.0,2.0,A01
201700049621,2.0,7,0,5.0,0.0,3.0,16.0,A01
201700004319,0.0,7,0,0.0,2.0,3.0,19.0,B01
201700039468,0.0,32,0,0.0,2.0,2.0,17.0,A01
201700023357,2.0,7,0,13.0,0.0,2.0,2.0,A01
201700048856,1.0,7,0,0.0,2.0,2.0,12.0,B01
201700054679,1.0,7,0,0.0,2.0,4.0,11.0,B01
201700022787,0.0,14,0,0.0,2.0,8.0,15.0,B01
201700053919,2.0,7,0,0.0,2.0,5.0,1.0,C01
201700015342,1.0,33,0,0.0,2.0,1.0,17.0,B01
201700036431,2.0,7,0,0.0,2.0,8.0,0.0,C01
201700051332,2.0,33,0,0.0,2.0,1.0,2.0,A01
201700023448,2.0,7,0,14.0,0.0,3.0,2.0,A01
201700037309,2.0,7,0,0.0,2.0,3.0,13.0,A01
201700038005,2.0,7,0,0.0,2.0,4.0,2.0,B01
201700031921,2.0,1,0,0.0,2.0,1.0,0.0,B01
201700037320,1.0,30,0,0.0,2.0,7.0,1.0,B01
201700047237,1.0,7,0,0.0,2.0,1.0,2.0,C01
201700037511,1.0,7,0,0.0,2.0,1.0,19.0,A01
201700032331,2.0,7,0,0.0,2.0,1.0,1.0,B01
201700035669,1.0,7,0,0.0,2.0,8.0,15.0,A01
201700011567,2.0,7,0,0.0,2.0,3.0,1.0,A01
201700027454,2.0,7,0,0.0,2.0,1.0,1.0,A01
201700019310,2.0,7,0,0.0,2.0,3.0,13.0,A01
201700047129,2.0,7,0,0.0,0.0,0.0,0.0,B01
201700026845,1.0,33,0,0.0,2.0,0.0,1.0,A01
201700025066,0.0,7,0,0.0,2.0,1.0,15.0,A01
201700021812,2.0,99,0,0.0,2.0,8.0,1.0,B01
201700032817,2.0,2,0,0.0,2.0,1.0,0.0,A01
201700045511,1.0,7,0,0.0,1.0,2.0,14.0,A01
201700035579,1.0,7,0,0.0,2.0,6.0,2.0,B01
201700046461,1.0,10,0,0.0,2.0,1.0,1.0,D01
201700055176,0.0,1,0,0.0,2.0,4.0,2.0,B01
201700043304,1.0,7,0,0.0,2.0,4.0,2.0,B01
201700013556,1.0,7,0,2.0,0.0,1.0,1.0,A01
201700034140,1.0,37,0,0.0,2.0,1.0,2.0,A01
201700023421,2.0,1,0,0.0,2.0,4.0,1.0,A01
201700056955,1.0,7,0,0.0,2.0,1.0,23.0,B01
201700007404,2.0,7,0,0.0,2.0,1.0,2.0,A01
201700012652,2.0,10,0,0.0,1.0,1.0,15.0,A01
201700024503,2.0,2,0,0.0,2.0,1.0,2.0,A01
201700044721,2.0,7,0,0.0,1.0,1.0,1.0,A01
201700028699,1.0,1,0,0.0,2.0,2.0,1.0,B01
201700023835,1.0,10,0,3.0,0.0,2.0,1.0,A01
201700037019,1.0,7,0,14.0,0.0,0.0,19.0,B01
201700054846,0.0,7,0,0.0,2.0,8.0,22.0,A01
201700046965,1.0,15,0,0.0,2.0,2.0,12.0,B01
201700014807,0.0,2,0,0.0,0.0,0.0,1.0,A01
201700012846,2.0,7,0,13.0,0.0,3.0,0.0,A01
201700028325,0.0,7,0,0.0,2.0,3.0,15.0,A01
201700050563,1.0,7,0,0.0,2.0,0.0,0.0,C01
201700024190,0.0,30,0,0.0,2.0,1.0,15.0,A01
201700049645,1.0,7,0,0.0,2.0,1.0,1.0,A01
201700009050,2.0,7,0,0.0,2.0,1.0,5.0,A01
201700052303,1.0,7,0,0.0,2.0,2.0,1.0,B01
201700017922,2.0,7,0,2.0,0.0,1.0,1.0,A01
201700030082,0.0,7,0,0.0,2.0,3.0,15.0,A01
201700022985,1.0,2,0,15.0,0.0,7.0,15.0,A01
201700019611,2.0,7,0,3.0,0.0,0.0,1.0,A01
201700008874,1.0,31,0,0.0,2.0,1.0,17.0,B01
201700005551,1.0,1,0,0.0,2.0,7.0,2.0,B01
201700008027,1.0,34,0,0.0,2.0,1.0,2.0,B01
201700053849,2.0,34,0,0.0,2.0,2.0,1.0,A01
201700034624,1.0,7,0,0.0,2.0,7.0,1.0,B01
201700012142,0.0,7,0,0.0,1.0,3.0,1.0,A01
201700038735,0.0,7,0,0.0,2.0,1.0,15.0,A01
201700022468,1.0,10,0,0.0,2.0,3.0,1.0,A01
201700054603,1.0,7,0,0.0,2.0,3.0,9.0,B01
201700015498,0.0,10,0,0.0,2.0,1.0,1.0,C01
201700031285,2.0,1,0,0.0,2.0,2.0,0.0,B01
201700059582,1.0,7,0,1.0,0.0,1.0,14.0,A01
201700003470,0.0,7,0,0.0,1.0,7.0,1.0,A01
201700034534,2.0,7,0,0.0,2.0,3.0,1.0,B01
201700033409,1.0,31,0,0.0,1.0,1.0,17.0,A01
201700030486,2.0,1,0,0.0,2.0,1.0,1.0,A01
201700022892,1.0,7,0,0.0,2.0,4.0,2.0,B01
201700015616,2.0,7,0,0.0,2.0,7.0,1.0,B01
201700050367,2.0,7,0,0.0,2.0,3.0,1.0,C01
201700046666,2.0,33,0,0.0,2.0,7.0,3.0,A01
201700028389,0.0,1,0,0.0,2.0,0.0,1.0,B01
201700031005,1.0,99,0,0.0,0.0,4.0,1.0,B01
201700045494,1.0,7,0,0.0,1.0,0.0,19.0,A01
201700046762,2.0,7,0,0.0,2.0,6.0,1.0,B01
201700039961,1.0,33,0,0.0,2.0,1.0,17.0,A01
201700056472,1.0,7,0,0.0,2.0,2.0,1.0,B01
201700038279,1.0,7,0,2.0,2.0,1.0,17.0,A01
201700023287,1.0,7,0,0.0,2.0,3.0,17.0,A01
201700031688,1.0,7,0,0.0,2.0,2.0,5.0,A01
201700035803,2.0,37,0,0.0,2.0,4.0,23.0,B01
201700034944,0.0,33,0,0.0,2.0,3.0,1.0,B01
201700056699,1.0,33,0,0.0,2.0,1.0,1.0,A01
201700043081,0.0,2,0,0.0,2.0,2.0,16.0,A01
201700006295,0.0,7,0,0.0,2.0,1.0,2.0,A01
201700016886,2.0,7,0,13.0,0.0,7.0,1.0,A01
201700058625,1.0,7,0,0.0,2.0,2.0,15.0,A01
201700023241,2.0,7,0,0.0,2.0,1.0,1.0,B01
201700014148,0.0,7,0,0.0,0.0,4.0,2.0,B01
201700051508,1.0,17,0,0.0,2.0,7.0,12.0,Z01
201700051431,2.0,33,0,0.0,2.0,8.0,1.0,B01
201700010867,1.0,33,0,0.0,2.0,1.0,17.0,B01
201700028249,0.0,7,0,0.0,1.0,0.0,4.0,A01
201700035480,0.0,7,0,0.0,1.0,3.0,1.0,A01
201700035327,2.0,7,0,0.0,1.0,1.0,1.0,A01
201700022606,2.0,7,0,0.0,2.0,3.0,16.0,A01
201700056174,0.0,7,0,0.0,2.0,1.0,1.0,A01
201700024709,1.0,7,0,0.0,2.0,4.0,9.0,B01
201700008108,1.0,7,0,0.0,2.0,4.0,2.0,B01
201700048393,2.0,7,0,0.0,1.0,3.0,14.0,A01
201700050341,1.0,7,0,0.0,2.0,4.0,2.0,B01
201700017207,0.0,1,0,0.0,0.0,0.0,1.0,A01
201700006813,1.0,7,0,0.0,2.0,1.0,1.0,A01
201700030542,2.0,7,0,0.0,2.0,4.0,2.0,B01
201700053343,2.0,1,0,0.0,2.0,0.0,1.0,B01
201700059790,1.0,7,0,0.0,2.0,3.0,5.0,A01
201700039329,1.0,33,0,0.0,2.0,1.0,1.0,A01
201700025882,1.0,7,0,0.0,4.0,8.0,15.0,A01
201700047008,2.0,33,0,0.0,2.0,7.0,3.0,B01
201700040517,0.0,7,0,0.0,2.0,1.0,1.0,A01
201700034804,2.0,7,0,0.0,9.0,2.0,13.0,A01
201700049946,1.0,30,0,0.0,2.0,2.0,0.0,B01
201700059278,1.0,7,0,0.0,2.0,2.0,1.0,D01
201700032169,0.0,7,0,0.0,2.0,1.0,10.0,A01
201700011229,0.0,10,0,0.0,2.0,3.0,15.0,A01
201700059700,1.0,7,0,0.0,2.0,4.0,23.0,B01
201700030222,1.0,7,0,0.0,1.0,2.0,1.0,A01
201700001966,1.0,33,0,0.0,2.0,1.0,1.0,A01
201700027678,1.0,7,0,0.0,0.0,0.0,2.0,D01
201700038876,1.0,7,0,0.0,2.0,1.0,1.0,A01
201700007433,1.0,7,0,0.0,9.0,8.0,1.0,C01
201700019147,2.0,7,0,0.0,2.0,3.0,1.0,B01
201700034764,1.0,7,0,0.0,9.0,2.0,1.0,A01
201700010547,2.0,33,0,14.0,0.0,1.0,1.0,B01
201700003840,1.0,15,0,0.0,1.0,1.0,1.0,A01