Num_Acc,senc,catv,occutc,obs,obsm,choc,manv,num_veh
201700048302,2.0,7,0,0.0,2.0,6.0,2.0,B01
201700024775,1.0,33,0,0.0,2.0,7.0,1.0,A01
201700040323,0.0,33,0,0.0,2.0,3.0,0.0,A01
201700011087,0.0,7,0,0.0,2.0,1.0,13.0,A01
201700056547,1.0,33,0,0.0,2.0,1.0,1.0,B01
201700051019,1.0,7,0,1.0,0.0,2.0,14.0,A01
201700030848,2.0,7,0,0.0,2.0,8.0,1.0,B01
201700017024,2.0,33,0,0.0,2.0,1.0,13.0,D01
201700014224,2.0,7,0,0.0,2.0,2.0,0.0,A01
201700017736,1.0,10,0,7.0,2.0,1.0,1.0,A01
201700010182,2.0,7,0,0.0,2.0,7.0,14.0,A01
201700006428,1.0,33,0,0.0,2.0,8.0,1.0,B01
201700000598,2.0,7,0,0.0,0.0,0.0,0.0,A01
201700021227,1.0,7,0,0.0,2.0,3.0,15.0,A01
201700049236,1.0,7,0,0.0,2.0,4.0,2.0,C01
201700056181,2.0,32,0,0.0,2.0,7.0,17.0,A01
201700024368,0.0,1,0,1.0,0.0,1.0,13.0,A01
201700052769,1.0,1,0,0.0,2.0,8.0,15.0,A01
201700058142,1.0,7,0,0.0,2.0,2.0,12.0,A01
201700029541,0.0,7,0,0.0,2.0,6.0,4.0,B01
201700012157,2.0,7,0,0.0,2.0,1.0,1.0,A01
201700024728,1.0,7,0,0.0,2.0,1.0,0.0,A01
201700028687,0.0,7,0,0.0,1.0,2.0,16.0,A01
201700047029,2.0,7,0,0.0,2.0,4.0,1.0,B01
201700018847,1.0,7,0,0.0,2.0,8.0,1.0,C01
201700024347,2.0,7,0,0.0,2.0,2.0,1.0,B01
201700026237,1.0,1,0,0.0,2.0,7.0,1.0,A01
201700024238,2.0,7,0,0.0,1.0,2.0,1.0,A01
201700015155,1.0,7,0,0.0,9.0,7.0,17.0,A01
201700000675,1.0,7,0,0.0,9.0,3.0,9.0,A01
201700016505,1.0,7,0,0.0,2.0,2.0,15.0,A01
201700034280,1.0,7,0,0.0,2.0,1.0,15.0,A01
201700014877,2.0,7,0,0.0,2.0,2.0,13.0,A01
201700005031,0.0,7,0,0.0,2.0,7.0,19.0,B01
201700020538,1.0,7,0,0.0,2.0,2.0,1.0,A01
201700030384,1.0,7,0,0.0,2.0,4.0,1.0,B01
201700032632,2.0,31,0,0.0,2.0,1.0,1.0,B01
201700050240,2.0,7,0,0.0,2.0,1.0,2.0,A01
201700035154,1.0,17,0,0.0,2.0,1.0,1.0,A01
201700009583,2.0,10,0,0.0,2.0,1.0,5.0,Z01
201700002138,0.0,1,0,0.0,2.0,3.0,19.0,A01
201700045914,0.0,7,0,0.0,2.0,2.0,1.0,B01
201700048280,2.0,7,0,4.0,0.0,8.0,11.0,A01
201700034690,1.0,7,0,0.0,2.0,7.0,15.0,A01
201700034717,2.0,10,0,0.0,1.0,3.0,1.0,A01
201700017671,2.0,33,0,0.0,2.0,1.0,1.0,B01
201700020207,0.0,7,0,0.0,2.0,7.0,15.0,A01
201700058515,1.0,33,0,0.0,2.0,2.0,3.0,A01
201700011127,1.0,7,0,8.0,0.0,1.0,1.0,A01
201700034402,1.0,36,0,13.0,0.0,1.0,1.0,A01
201700059466,1.0,7,0,0.0,1.0,2.0,6.0,A01
201700010777,1.0,7,0,1.0,2.0,2.0,1.0,B01
201700043340,2.0,7,0,0.0,2.0,8.0,10.0,A01
201700054977,2.0,10,0,0.0,1.0,0.0,16.0,A01
201700033902,2.0,1,0,0.0,2.0,8.0,1.0,B01
201700039303,1.0,14,0,0.0,2.0,4.0,1.0,A01
201700028753,2.0,7,0,4.0,2.0,3.0,17.0,A01
201700026415,0.0,7,0,0.0,1.0,1.0,1.0,A01
201700039389,2.0,7,0,0.0,2.0,1.0,2.0,A01
201700030553,1.0,7,0,0.0,2.0,2.0,1.0,B01
201700047288,2.0,14,0,0.0,2.0,1.0,2.0,A01
201700027475,1.0,1,0,0.0,2.0,3.0,13.0,B01
201700016524,1.0,7,0,0.0,2.0,2.0,15.0,A01
201700003829,2.0,7,0,0.0,2.0,8.0,9.0,A01
201700026443,0.0,7,0,1.0,0.0,9.0,0.0,A01
201700002126,1.0,33,0,0.0,2.0,0.0,21.0,A01
201700002739,1.0,7,0,0.0,0.0,0.0,1.0,A01
201700024144,0.0,7,0,0.0,2.0,4.0,2.0,B01
201700011474,1.0,7,0,0.0,1.0,1.0,2.0,A01
201700048550,1.0,7,0,0.0,2.0,5.0,1.0,B01
201700037767,2.0,1,0,0.0,2.0,4.0,2.0,B01
201700045665,2.0,7,0,0.0,0.0,0.0,0.0,A01
201700002176,1.0,33,0,3.0,0.0,1.0,17.0,A01
201700047273,2.0,7,0,0.0,2.0,1.0,0.0,A01
201700045926,2.0,32,0,0.0,1.0,0.0,0.0,Z01
201700016315,1.0,7,0,13.0,0.0,3.0,1.0,A01
201700016730,1.0,7,0,13.0,0.0,7.0,1.0,A01
201700001927,2.0,33,0,0.0,2.0,8.0,1.0,B01
201700006677,1.0,17,0,4.0,2.0,1.0,17.0,A01
201700009367,1.0,7,0,0.0,2.0,6.0,0.0,C01
201700026227,1.0,33,0,0.0,2.0,8.0,1.0,B01
201700008841,1.0,7,0,0.0,1.0,1.0,1.0,A01
201700027268,2.0,7,0,0.0,2.0,3.0,1.0,C01
201700013495,1.0,7,0,0.0,2.0,1.0,1.0,B01
201700045789,0.0,7,0,0.0,1.0,1.0,1.0,A01
201700027878,2.0,7,0,0.0,2.0,3.0,13.0,A01
201700004159,1.0,7,0,13.0,0.0,1.0,2.0,A01
201700026246,0.0,10,0,0.0,2.0,1.0,1.0,B01
201700045522,0.0,7,0,0.0,2.0,1.0,2.0,A01
201700055559,1.0,33,0,0.0,2.0,1.0,1.0,B01
201700000513,1.0,7,0,0.0,2.0,1.0,1.0,B01
201700032221,1.0,7,0,0.0,0.0,4.0,11.0,B01
201700022976,1.0,7,0,0.0,0.0,0.0,24.0,B01
201700004318,1.0,7,0,0.0,2.0,1.0,13.0,A01
201700042698,0.0,7,0,0.0,2.0,6.0,1.0,C01
201700048918,1.0,15,0,4.0,2.0,1.0,21.0,B01
201700031057,2.0,7,0,0.0,2.0,4.0,23.0,B01
201700039216,2.0,7,0,0.0,1.0,1.0,15.0,A01
201700016170,0.0,7,0,0.0,2.0,3.0,21.0,B01
201700008833,1.0,1,0,0.0,2.0,8.0,1.0,B01
201700018821,0.0,7,0,0.0,1.0,1.0,1.0,A01
201700060351,1.0,7,0,16.0,2.0,2.0,1.0,A01
201700010937,2.0,7,0,0.0,2.0,3.0,11.0,B01
201700009347,1.0,15,0,0.0,2.0,4.0,4.0,A01
201700033347,0.0,7,0,0.0,2.0,3.0,1.0,B01
201700015999,2.0,7,0,16.0,0.0,1.0,1.0,A01
201700000584,1.0,7,0,13.0,0.0,2.0,1.0,A01
201700022970,0.0,7,0,0.0,2.0,3.0,15.0,A01
201700032686,2.0,1,0,0.0,2.0,6.0,1.0,B01
201700044881,0.0,33,0,0.0,0.0,1.0,1.0,B01
201700054733,1.0,7,0,0.0,2.0,3.0,1.0,B01
201700047782,1.0,7,0,0.0,2.0,6.0,23.0,B01
201700055347,1.0,30,0,14.0,0.0,1.0,1.0,A01
201700046649,1.0,34,0,14.0,0.0,6.0,3.0,D01
201700052793,2.0,31,0,0.0,2.0,5.0,5.0,A01
201700056581,2.0,7,0,0.0,1.0,3.0,15.0,A01
201700000301,1.0,33,0,0.0,2.0,1.0,1.0,B01
201700044735,1.0,1,0,0.0,1.0,1.0,1.0,A01
201700056695,1.0,33,0,0.0,2.0,7.0,1.0,B01
201700017507,1.0,99,0,6.0,0.0,2.0,14.0,A01
201700046803,1.0,15,0,0.0,0.0,2.0,1.0,A01
201700001795,2.0,30,0,0.0,2.0,8.0,16.0,B01
201700035979,2.0,7,0,0.0,2.0,4.0,2.0,Z01
201700024055,2.0,33,0,0.0,2.0,4.0,15.0,B01
201700040013,2.0,33,0,0.0,2.0,1.0,7.0,B01
201700054298,2.0,30,0,0.0,1.0,1.0,1.0,Z01
201700053743,1.0,32,0,0.0,2.0,7.0,1.0,A01
201700039322,1.0,7,0,0.0,2.0,4.0,2.0,A01
201700030935,1.0,30,0,0.0,0.0,8.0,1.0,A01
201700016521,1.0,2,0,12.0,0.0,1.0,1.0,A01
201700028536,0.0,7,0,0.0,1.0,7.0,16.0,A01
201700008539,0.0,7,0,0.0,2.0,3.0,1.0,A01
201700033682,0.0,7,0,0.0,2.0,1.0,1.0,A01
201700039244,0.0,7,0,0.0,0.0,4.0,1.0,B01
201700034490,1.0,7,0,0.0,2.0,1.0,1.0,B01
201700033780,0.0,7,0,0.0,9.0,1.0,1.0,A01
201700006371,1.0,7,0,0.0,2.0,2.0,2.0,A01
201700002242,2.0,7,0,0.0,2.0,2.0,1.0,B01
201700054245,2.0,34,0,0.0,2.0,1.0,1.0,B01
201700013880,2.0,36,0,0.0,6.0,2.0,1.0,A01
201700040850,2.0,1,0,0.0,1.0,1.0,1.0,A01
201700040584,1.0,10,0,0.0,2.0,5.0,15.0,A01
201700014633,1.0,7,0,0.0,2.0,3.0,1.0,B01
201700035359,1.0,7,0,7.0,0.0,8.0,13.0,A01
201700017760,1.0,2,0,0.0,2.0,7.0,1.0,A01
201700003276,1.0,7,0,0.0,2.0,1.0,1.0,A01
201700046441,2.0,13,0,0.0,2.0,1.0,2.0,D01
201700011159,0.0,7,0,0.0,2.0,2.0,1.0,B01
201700032159,0.0,99,0,0.0,2.0,1.0,1.0,B01
201700047206,2.0,7,0,0.0,2.0,0.0,0.0,Z01
201700057050,1.0,7,0,0.0,2.0,6.0,23.0,B01
201700002526,0.0,33,0,0.0,2.0,1.0,1.0,B01
201700018433,1.0,7,0,0.0,2.0,4.0,1.0,B01
201700024303,1.0,7,0,4.0,0.0,4.0,0.0,B01
201700029014,1.0,7,0,0.0,1.0,3.0,1.0,A01
201700056107,2.0,7,0,0.0,2.0,4.0,1.0,B01
201700016701,2.0,7,0,0.0,2.0,7.0,1.0,A01
201700058832,0.0,7,0,8.0,0.0,1.0,1.0,A01
201700051847,1.0,7,0,0.0,2.0,7.0,2.0,B01
201700032504,0.0,15,0,0.0,2.0,3.0,1.0,A01
201700024721,1.0,2,0,0.0,2.0,1.0,9.0,A01
201700015410,1.0,7,0,0.0,2.0,3.0,15.0,B01
201700000083,0.0,7,0,7.0,0.0,8.0,1.0,B01
201700040316,0.0,7,0,0.0,2.0,1.0,0.0,A01
201700014650,1.0,7,0,0.0,2.0,1.0,1.0,A01
201700011906,0.0,10,0,0.0,2.0,1.0,19.0,B01
201700049015,2.0,7,0,0.0,2.0,1.0,1.0,A01
201700058920,2.0,1,0,0.0,0.0,4.0,1.0,B01
201700012453,0.0,7,0,0.0,2.0,8.0,15.0,A01
201700023103,1.0,7,0,0.0,1.0,1.0,1.0,A01
201700037241,2.0,7,0,0.0,2.0,3.0,9.0,B01
201700029365,1.0,7,0,0.0,0.0,1.0,2.0,A01
201700011342,1.0,7,0,0.0,2.0,1.0,2.0,A01
201700031104,1.0,7,0,0.0,2.0,1.0,1.0,B01
201700017130,1.0,14,0,0.0,2.0,2.0,1.0,B01
201700027795,1.0,7,0,0.0,2.0,4.0,2.0,B01
201700028684,1.0,7,0,0.0,2.0,3.0,9.0,A01
201700022149,2.0,7,0,0.0,2.0,7.0,12.0,A01
201700032908,0.0,33,0,0.0,0.0,0.0,17.0,A01
201700050294,2.0,33,0,0.0,2.0,1.0,17.0,B01
201700004997,1.0,7,0,0.0,2.0,8.0,0.0,A01
201700039475,0.0,33,0,0.0,1.0,1.0,1.0,A01
201700010905,2.0,7,0,0.0,2.0,1.0,2.0,A01
201700022884,0.0,33,0,0.0,2.0,1.0,1.0,A01
201700056359,2.0,7,0,0.0,2.0,4.0,23.0,B01
201700049498,2.0,33,0,0.0,2.0,1.0,3.0,B01
201700036626,1.0,7,0,0.0,0.0,8.0,15.0,A01
201700024934,1.0,7,0,0.0,2.0,4.0,2.0,B01
201700044370,1.0,7,0,0.0,2.0,4.0,23.0,C01
201700040782,1.0,7,0,0.0,2.0,4.0,23.0,C01
201700043527,1.0,7,0,0.0,9.0,5.0,9.0,B01
201700005750,1.0,33,0,0.0,2.0,1.0,18.0,B01
201700031809,1.0,1,0,0.0,2.0,4.0,2.0,B01
201700005845,2.0,7,0,0.0,2.0,3.0,1.0,A01
201700008711,1.0,10,0,0.0,2.0,8.0,15.0,A01
201700027030,1.0,7,0,0.0,2.0,1.0,2.0,B01
201700032069,2.0,7,0,0.0,2.0,2.0,1.0,B01
201700039874,0.0,7,0,0.0,1.0,1.0,2.0,A01
201700060445,1.0,7,0,1.0,0.0,6.0,14.0,A01
201700028755,1.0,7,0,0.0,0.0,7.0,19.0,A01
201700030995,2.0,7,0,0.0,2.0,1.0,1.0,B01
201700041718,0.0,7,0,0.0,0.0,0.0,0.0,A01
201700037269,1.0,7,0,1.0,2.0,9.0,13.0,B01
201700020494,2.0,7,0,0.0,1.0,3.0,12.0,A01
201700017601,2.0,7,0,0.0,2.0,3.0,19.0,A01
201700010285,1.0,7,0,0.0,2.0,0.0,21.0,B01
201700041959,1.0,7,0,0.0,2.0,1.0,2.0,A01
201700017985,2.0,7,0,0.0,0.0,6.0,1.0,B01
201700031969,1.0,7,0,6.0,2.0,2.0,16.0,B01
201700044593,0.0,7,0,0.0,0.0,0.0,0.0,A01
201700052346,1.0,7,0,0.0,0.0,4.0,2.0,A01
201700047347,1.0,7,0,0.0,2.0,4.0,1.0,B01
201700048138,1.0,7,0,4.0,0.0,8.0,13.0,A01
201700003741,1.0,33,0,0.0,2.0,1.0,1.0,B01
201700033941,1.0,33,0,0.0,2.0,1.0,1.0,B01
201700045884,0.0,10,0,0.0,2.0,1.0,1.0,A01
201700023868,1.0,7,0,0.0,2.0,0.0,0.0,C01
201700046090,0.0,7,0,0.0,1.0,2.0,1.0,A01
201700058848,1.0,7,0,13.0,0.0,9.0,2.0,A01
201700040243,1.0,7,0,0.0,2.0,6.0,16.0,B01
201700048215,2.0,7,0,0.0,2.0,4.0,0.0,A01
201700054500,2.0,1,0,0.0,2.0,4.0,1.0,B01
201700024230,1.0,10,0,6.0,2.0,1.0,1.0,B01
201700021933,1.0,7,0,10.0,2.0,1.0,2.0,A01
201700018393,1.0,7,0,2.0,0.0,1.0,1.0,A01
201700040989,2.0,7,0,0.0,2.0,1.0,15.0,B01
201700038254,1.0,10,0,6.0,2.0,8.0,9.0,A01
201700052448,1.0,7,0,13.0,0.0,3.0,13.0,A01
201700022052,1.0,30,0,0.0,0.0,1.0,1.0,B01
201700041833,0.0,2,0,0.0,1.0,1.0,3.0,A01
201700039373,1.0,7,0,0.0,2.0,1.0,2.0,A01
201700041335,1.0,14,0,0.0,1.0,1.0,2.0,A01
201700002495,0.0,7,0,13.0,0.0,1.0,13.0,A01
201700045309,1.0,7,0,0.0,2.0,2.0,1.0,A01
201700036744,1.0,7,0,0.0,2.0,7.0,0.0,B01
201700051846,2.0,7,0,0.0,2.0,6.0,1.0,C01
201700003725,0.0,33,0,13.0,0.0,1.0,1.0,A01
201700020444,0.0,7,0,8.0,0.0,2.0,1.0,A01
201700038503,1.0,7,0,0.0,2.0,4.0,2.0,B01
201700001480,1.0,2,0,0.0,2.0,1.0,13.0,A01
201700021845,2.0,7,0,0.0,2.0,1.0,9.0,B01
201700033944,2.0,7,0,0.0,0.0,1.0,5.0,A01
201700023584,1.0,33,0,0.0,2.0,1.0,9.0,B01
201700033174,0.0,7,0,0.0,1.0,3.0,1.0,A01
201700021738,2.0,7,0,0.0,2.0,1.0,17.0,A01
201700052344,1.0,7,0,4.0,2.0,7.0,17.0,A01
201700018977,1.0,7,0,0.0,2.0,7.0,13.0,A01
201700000645,1.0,7,0,8.0,0.0,1.0,1.0,A01
201700014200,0.0,7,0,0.0,2.0,1.0,17.0,A01
201700008703,1.0,7,0,0.0,2.0,3.0,2.0,A01
201700041391,1.0,7,0,0.0,2.0,3.0,9.0,B01
201700011856,2.0,7,0,13.0,0.0,1.0,16.0,A01
201700058311,1.0,7,0,0.0,2.0,1.0,1.0,A01
201700059775,2.0,33,0,0.0,2.0,1.0,2.0,A01
201700037606,1.0,7,0,0.0,1.0,1.0,1.0,A01
201700040110,1.0,7,0,0.0,1.0,3.0,1.0,A01
201700006566,2.0,7,0,6.0,0.0,1.0,1.0,A01
201700010635,1.0,7,0,0.0,1.0,0.0,18.0,Z01
201700053534,2.0,1,0,0.0,2.0,4.0,23.0,B01
201700003274,0.0,7,0,13.0,0.0,3.0,1.0,A01
201700026031,0.0,7,0,0.0,2.0,2.0,11.0,B01
201700046449,1.0,10,0,0.0,2.0,1.0,2.0,A01
201700034500,1.0,7,0,0.0,1.0,1.0,1.0,A01
201700023154,0.0,7,0,0.0,2.0,4.0,2.0,B01
201700015221,1.0,7,0,16.0,0.0,9.0,1.0,A01
201700052093,1.0,33,0,14.0,0.0,0.0,2.0,A01
201700001664,1.0,7,0,0.0,2.0,1.0,1.0,B01
201700041034,1.0,7,0,0.0,2.0,8.0,9.0,A01
201700017678,1.0,2,0,0.0,1.0,1.0,0.0,A01
201700025682,1.0,10,0,0.0,2.0,1.0,2.0,A01
201700043132,1.0,7,0,0.0,1.0,1.0,2.0,A01
201700030768,2.0,7,0,0.0,2.0,4.0,2.0,B01
201700056988,2.0,7,0,0.0,2.0,3.0,15.0,A01
201700012138,2.0,10,0,0.0,2.0,3.0,5.0,B01
201700053946,0.0,33,0,0.0,2.0,7.0,1.0,B01
201700049830,1.0,7,0,0.0,2.0,2.0,2.0,B01
201700036288,1.0,7,0,0.0,0.0,0.0,2.0,B01
201700051141,2.0,1,0,0.0,2.0,1.0,2.0,B01
201700057046,1.0,10,0,0.0,2.0,1.0,2.0,C01
201700053900,0.0,7,0,0.0,1.0,0.0,1.0,A01
201700009469,1.0,7,0,0.0,2.0,1.0,1.0,B01
201700039209,1.0,37,12,0.0,2.0,8.0,1.0,B01
201700050502,2.0,10,0,4.0,0.0,8.0,16.0,A01
201700026606,2.0,7,0,0.0,2.0,1.0,2.0,E01
201700011587,2.0,7,0,0.0,2.0,1.0,1.0,C01
201700023204,1.0,7,0,0.0,1.0,2.0,1.0,A01
201700058095,2.0,7,0,0.0,2.0,0.0,12.0,B01
201700034204,1.0,7,0,0.0,2.0,2.0,9.0,B01
201700004783,2.0,33,0,0.0,2.0,6.0,13.0,B01
201700009284,1.0,7,0,0.0,2.0,2.0,2.0,A01
201700039705,0.0,31,0,0.0,0.0,0.0,1.0,A01
201700033951,1.0,7,0,0.0,9.0,2.0,1.0,A01
201700008229,2.0,7,0,0.0,2.0,7.0,1.0,A01
201700051637,1.0,10,0,0.0,2.0,1.0,2.0,A01
201700026090,2.0,7,0,0.0,2.0,1.0,1.0,B01
201700018099,0.0,2,0,0.0,0.0,0.0,1.0,A01
201700013388,2.0,17,0,0.0,2.0,4.0,23.0,C01
201700029884,1.0,7,0,0.0,1.0,1.0,1.0,A01
201700043658,2.0,7,0,0.0,2.0,5.0,23.0,B01
201700055401,1.0,33,0,0.0,2.0,2.0,1.0,A01
201700036152,2.0,2,0,0.0,2.0,4.0,2.0,C01
201700053703,1.0,7,0,0.0,2.0,1.0,15.0,A01
201700059440,1.0,7,0,0.0,2.0,8.0,19.0,A01
201700014411,1.0,7,0,2.0,0.0,8.0,16.0,A01
201700044492,0.0,7,0,0.0,0.0,3.0,1.0,A01
201700021494,1.0,1,0,1.0,0.0,1.0,17.0,B01
201700052744,1.0,33,0,0.0,2.0,6.0,15.0,A01
201700017450,2.0,7,0,0.0,2.0,2.0,9.0,A01
201700029044,2.0,10,0,0.0,1.0,4.0,4.0,A01
201700002449,2.0,7,0,0.0,2.0,7.0,1.0,B01
201700000852,2.0,7,0,14.0,2.0,1.0,1.0,B01
201700024404,2.0,14,0,0.0,2.0,8.0,15.0,A01
201700032424,1.0,7,0,0.0,2.0,3.0,2.0,C01
201700052367,1.0,33,0,7.0,0.0,1.0,1.0,A01
201700043072,0.0,7,0,0.0,0.0,4.0,2.0,B01
201700000348,0.0,7,0,0.0,2.0,3.0,15.0,A01
201700019676,2.0,1,0,0.0,2.0,1.0,1.0,B01
201700046521,2.0,17,0,0.0,2.0,4.0,1.0,A01
201700011302,0.0,7,0,0.0,2.0,1.0,19.0,A01
201700007442,1.0,10,0,0.0,1.0,2.0,1.0,A01
201700060234,1.0,33,0,5.0,0.0,0.0,0.0,B01
201700053166,1.0,7,0,0.0,2.0,2.0,15.0,A01
201700003269,2.0,33,0,13.0,0.0,1.0,21.0,A01
201700033660,0.0,7,0,0.0,2.0,0.0,9.0,A01
201700021597,2.0,7,0,0.0,2.0,1.0,13.0,A01
201700021679,2.0,17,0,4.0,0.0,2.0,1.0,A01
201700052537,1.0,7,0,0.0,2.0,4.0,23.0,C01
201700025082,1.0,33,0,0.0,1.0,1.0,17.0,A01
201700052053,1.0,7,0,0.0,2.0,4.0,2.0,C01
201700046670,1.0,10,0,0.0,2.0,7.0,1.0,C01
201700042427,0.0,7,0,0.0,9.0,2.0,16.0,A01
201700042290,1.0,7,0,0.0,2.0,1.0,16.0,B01
201700019426,2.0,10,0,0.0,2.0,1.0,21.0,A01